{"clear_color":[0.23137255012989044,0.23137255012989044,0.250980406999588,1.0],"show_console":true,"font_scale":2.0299999713897705}