{"clear_color":[0.23137255012989044,0.23137255012989044,0.250980406999588,1.0],"show_console":false,"font_scale":2.0799999237060547}